hotmail.com,ethanallen.com
ehsanak@hotmail.com,x3efirst.last@ethanallen.com,x3eJohn.Doe@ethanallen.com,x3eflast@ethanallen.com,x3eJDoe@ethanallen.com,x3efirstlast@ethanallen.com,x3eJohnDoe@ethanallen.com,x3elast.first@ethanallen.com,x3eDoe.John@ethanallen.com
gmail.com
michaelyang776@gmail.com
mylollc.com,gmail.com,agcbio.com.,klingstubbins.us,jacobs.com,jacobandco.com
jacobr@mylollc.com,jacobereynolds@gmail.com,jr@agcbio.com.,x3eflast@klingstubbins.us,x3eJDoe@klingstubbins.us,x3efirst.last@jacobs.com,x3eJohn.Doe@jacobs.com,x3elast.first@jacobs.com,x3eDoe.John@jacobs.com,x3efirstlast@jacobs.com,x3eJohnDoe@jacobs.com,x3ejane@jacobandco.com,x3ejdoe@jacobandco.com,x3ejanedoe@jacobandco.com,x3ejaned@jacobandco.com
mathematx.com.,gmail.com,agoln.net,flashvolunteer.org,salesforce.com.
logan@mathematx.com.,logan.buesching@gmail.com,logan@agoln.net,logan.buesching@flashvolunteer.org,lbuesching@salesforce.com.
google.com.
alexanderl@google.com.
gmail.com,google.com.,yahoo.com.
neuromathdan@gmail.com,dsmith@google.com.,ransomdaniell@yahoo.com.
outlook.com,q4inc.com.,gmail.com,undefinedisnotanobject.com,btinternet.com.
stanleymatthew@outlook.com,matthew@q4inc.com.,reltubttam@gmail.com,matthew@undefinedisnotanobject.com,matthew.butler@btinternet.com.
aol.com.,gmail.com.
alfredfam02@aol.com.,josephbddelacruz@gmail.com.
gmail.com,braze.com.,google.com.,exprealty.com.
calebsevern@gmail.com,caleb.severn@braze.com.,calebchacha@gmail.com,calebc@google.com.,caleb.maccarone@exprealty.com.
intel.com.,icims.com.
william@intel.com.,william.c@icims.com.
travelfusion.com.,flyhightalent.com.
jayden@travelfusion.com.,jayden@flyhightalent.com.
gmail.com,google.com.,andrew.cmu.edu.,gmail.com.,findmypast.com.
josh.lang@gmail.com,joshual@google.com.,jssunshi@andrew.cmu.edu.,joshuacorpuzlp@gmail.com.,joshua.asprey@findmypast.com.
oracle.com.,gmail.com,berkeley.edu,google.com.
andrew.lo@oracle.com.,snareclaw@gmail.com,andrewz@berkeley.edu,andrewzhao@google.com.
gmail.com.
chriserardi@gmail.com.
gmail.com,nortal.com.,akasa.co.uk.,icloud.com,boeing.com.
jyoder0@gmail.com,james@nortal.com.,justjamesng@gmail.com,james@akasa.co.uk.,x3ejamesmockridge@icloud.com,james.mockridge@boeing.com.
gmail.com.,waseda.jp
asciutto990@gmail.com.,anthony@waseda.jp
kodefox.com.,mattel.com,yahoo.com,google.com.,cam.ac.uk.
jonathan@kodefox.com.,jonathan.tam@mattel.com,j.tam336@yahoo.com,jonathan.t@google.com.,jb2495@cam.ac.uk.
gmail.com.
davidcha225@gmail.com.,davidkyungmincha@gmail.com.
gmail.com.,gmail.com
dylangedig@gmail.com.,cutemunak@gmail.com,enloed@gmail.com
gmail.com,airbnb.com.
chqueen@gmail.com,christian.sanchez@airbnb.com.
gmail.com,instagram.com.,vt.edu,synaptiq.io.
nsass711@gmail.com,nathan@instagram.com.,nathanmk@vt.edu,nathan97wildenberg@gmail.com,nathan@synaptiq.io.
gmail.com,google.com.,experoinc.com.
glebec@gmail.com,gabriell@google.com.,gabespersonal@gmail.com,gabriel@experoinc.com.,gabrielsideri@gmail.com,gsideri@google.com.
cseng.co.uk.
cjackson@cseng.co.uk.
gmail.com.,gmail.com,algolia.com.
gragertmaggie@gmail.com.,samuel.vllnt@gmail.com,samuel.vaillant@algolia.com.
gmail.com,openai.com.
owenlin0@gmail.com,owen@openai.com.
gmail.com,nerdwallet.com.,eoeoeo.net,sanofi-aventis.com.
mrbenross@gmail.com,benjrallen@gmail.com,benjamin@nerdwallet.com.,partner@eoeoeo.net,beguin.ben@gmail.com,benjamin.beguin@sanofi-aventis.com.
gmail.com,teachable.com.,gmail.com.
elgachuhi@gmail.com,elijah@teachable.com.,elijahjsullivan@gmail.com.
gmail.com.,isaac-eng.com.,isaacrivas.com,google.com.
isaactiburon@gmail.com.,skshin@isaac-eng.com.,isaac@isaacrivas.com,isaacrivas@google.com.
lincolnutc.co.uk.
admissions@lincolnutc.co.uk.
gmail.com,fb.com.,lifeatspotify.com.,oliver.agency,oliverinc.com
mulherin.oliver@gmail.com,omulherin@fb.com.,ollyhayden@gmail.com,oliver.h@lifeatspotify.com.,x3efirstlast@oliver.agency,x3eJohnDoe@oliver.agency,x3efirlast@oliver.agency,x3eJohDoe@oliver.agency,x3efirst.last@oliver.agency,x3eJohn.Doe@oliver.agency,x3efirstlas@oliver.agency,x3eflast@oliverinc.com,x3eJDoe@oliverinc.com,x3efirst@oliverinc.com,x3eJohn@oliverinc.com,x3elastf@oliverinc.com,x3eDoeJ@oliverinc.com,x3efirstl@oliverinc.com,x3eJohnD@oliverinc.com
hotmail.com,ethanallen.com
ehsanak@hotmail.com,x3efirst.last@ethanallen.com,x3eJohn.Doe@ethanallen.com,x3eflast@ethanallen.com,x3eJDoe@ethanallen.com,x3efirstlast@ethanallen.com,x3eJohnDoe@ethanallen.com,x3elast.first@ethanallen.com,x3eDoe.John@ethanallen.com
gmail.com,immersive-fox.com.,gmail.com.
lcsvcn@gmail.com,lucas@immersive-fox.com.,lucaskenjiii@gmail.com.
comcast.net,me.com,gmail.com,redventures.com.
ethankr@comcast.net,ethankr@me.com,ekdevdes@gmail.com,bobbym245@gmail.com,ekramer@redventures.com.
gmail.com.
michael.w.raffaele@gmail.com.
gmail.com.,jacobs.com,jacobandco.com
jacob.sturges96@gmail.com.,x3efirst.last@jacobs.com,x3eJohn.Doe@jacobs.com,x3elast.first@jacobs.com,x3eDoe.John@jacobs.com,x3efirstlast@jacobs.com,x3eJohnDoe@jacobs.com,x3ejane@jacobandco.com,x3ejdoe@jacobandco.com,x3ejanedoe@jacobandco.com,x3ejaned@jacobandco.com








gmail.com
josephstakeland@gmail.com


icims.com.
william.c@icims.com.
gmail.com.
jaydenmay040@gmail.com.
gmail.com
dejijolaoluwa@gmail.com








gmail.com,wix.com,valuelabs.net.
yonatanob@gmail.com,Jonathanto@wix.com,jlm27921@gmail.com,jonathanleonelmerlino@gmail.com,jonathan.m@valuelabs.net.


gmail.com,fingerpaintmarketing.com.,gmail.com.
dwalsh289@gmail.com,dwalsh@fingerpaintmarketing.com.,pitchford.dylan@gmail.com.
gmail.com,glassdoor.com.,christian-aid.org
x3ecsutherlandwong@gmail.com,christian.sutherlandwong@glassdoor.com.,x3eipunit@christian-aid.org
live.nl,zavox.nl,flubby.nl.
nathan.zikle@live.nl,info@zavox.nl,info@flubby.nl.
gabrielenock.com.br.
contato@gabrielenock.com.br.


maispc.com,hotmail.com,olx.com.
samuel@maispc.com,samuel_bigas@hotmail.com,samuel.pinto@olx.com.


outlook.com
benjamin.kott@outlook.com
invene.com.
elijah.guerrero@invene.com.




oliver.agency,oliverinc.com
x3efirstlast@oliver.agency,x3eJohnDoe@oliver.agency,x3efirlast@oliver.agency,x3eJohDoe@oliver.agency,x3efirst.last@oliver.agency,x3eJohn.Doe@oliver.agency,x3efirstlas@oliver.agency,x3eflast@oliverinc.com,x3eJDoe@oliverinc.com,x3efirst@oliverinc.com,x3eJohn@oliverinc.com,x3elastf@oliverinc.com,x3eDoeJ@oliverinc.com,x3efirstl@oliverinc.com,x3eJohnD@oliverinc.com
comcast.net,me.com,gmail.com,redventures.com.
ethankr@comcast.net,ethankr@me.com,ekdevdes@gmail.com,bobbym245@gmail.com,ekramer@redventures.com.


gmail.com.
jd3606192@gmail.com.,beckay17@gmail.com.
itnetworking.co.
michael@itnetworking.co.


gmail.com
shruthigs44@gmail.com
gmail.com,aitec.one.
alexkirdev@gmail.com,alexander@aitec.one.
gmail.com,argyle.no.,hotmail.com,gmail.com.
ladanieln@gmail.com,daniel@argyle.no.,dani_1990_2770@hotmail.com,dgomezdam2@gmail.com.,danmasson0@gmail.com.
delcomsolution.com.
matthew@delcomsolution.com.
gmail.com.
josephthebe106@gmail.com.


projeletric.com.br.,gmail.com,teemventures.com.
william@projeletric.com.br.,williamsmithrov@gmail.com,cumberlandteresa@gmail.com,william@teemventures.com.


gmail.com.
joshbeadle25@gmail.com.


gmail.com.
chrisalexander0617@gmail.com.


gmail.com.,hiqo-solutions.com.
daxing999@gmail.com.,luke.anthony@hiqo-solutions.com.,anthony.webcode@gmail.com.
gmail.com,upwork.com.,gmail.com.
tambunjonathanb@gmail.com,tambunjb@gmail.com,jonathantambun@upwork.com.,jonwang3029@gmail.com.
gmail.com,spiderbox.design.,atento.com.br.
ducqhle@gmail.com,david@spiderbox.design.,david.gomes@atento.com.br.
gmail.com,motivateco.com.,googlemail.com.
dylanguma@gmail.com,dylanguma@motivateco.com.,nalinda.yat@googlemail.com.
gmail.com.,horizm.com.
crwgrant@gmail.com.,christian@horizm.com.
gmail.com,alphabroder.com.,protonmail.com,movingworlds.org.
stilesnathan@gmail.com,nstiles@alphabroder.com.,ncw000@gmail.com,nathan.weir@protonmail.com,nathan@movingworlds.org.
yahoo.com,gmail.com,advaion.com.
e-mailgabriel_stan88@yahoo.com,gabi.rusu@gmail.com,gabriel.rusu@advaion.com.
gravitywell.co.uk.
hello@gravitywell.co.uk.
gmail.com.,utdallas.edu,gmail.com
allensam0@gmail.com.,samuel.rajkumar@utdallas.edu,samuel.bie75@gmail.com
gmail.com,brightsites.co.uk.,hrowen.co.uk
vertigojones@gmail.com,owen.liversidge@brightsites.co.uk.,x3ejane.doe@hrowen.co.uk
hotmail.com,yahoo.com,stylehaul.com.
benan1989@hotmail.com,benjamin_an@yahoo.com,benchi11007@yahoo.com,benjamin.an@stylehaul.com.
gmail.com.
elijahhaley99@gmail.com.
gmail.com.
isaacokonye1@gmail.com.,isaaccomputing@gmail.com.


impactreporting.co.uk.
olly.bradshaw@impactreporting.co.uk.
gmail.com.
jd3606192@gmail.com.,beckay17@gmail.com.
geia.com.br.
lucas.oliveira@geia.com.br.
gmail.com.
ethan.vonderweid@gmail.com.
gmail.com,page.com
x3emichael.dell@gmail.com,x3efirst.last@page.com,x3eJohn.Doe@page.com,x3efirst.l@page.com,x3eJohn.D@page.com,x3efirst@page.com,x3eJohn@page.com,x3efirstlast@page.com,x3eJohnDoe@page.com










usj.edu
titleIX@usj.edu
caleb.university.
ict@caleb.university.








gmail.com.
christianciubuc@gmail.com.








dylanrae.ca
dylan@dylanrae.ca




gabriel.co.in,gabriel.dk
x3esecretarial@gabriel.co.in,x3ejd@gabriel.dk
gmail.com,element451.com.
kathryn.jackson.nc@gmail.com,kjackson@element451.com.


getinsured.com,getinsured.com.
owen.haupt@getinsured.com,owenhaupt@getinsured.com.
benjaminmoore.com
x3efirst.last@benjaminmoore.com,x3eJohn.Doe@benjaminmoore.com,x3elast.first@benjaminmoore.com,x3eDoe.John@benjaminmoore.com,x3ef.last@benjaminmoore.com,x3eJ.Doe@benjaminmoore.com,x3elast@benjaminmoore.com,x3eDoe@benjaminmoore.com








gmail.com.
ethan.vonderweid@gmail.com.


gmail.com,evidation.com.,snapkitchen.com,pinacleitcorp.us.
ecullermayeno@gmail.com,ec@evidation.com.,ethan_edwards@snapkitchen.com,ethan@pinacleitcorp.us.


gmail.com,lbisociety.com.,gmail.com.
jacobhpgrub@gmail.com,jacob@lbisociety.com.,jacobdrewdavis@gmail.com.
gmail.com,mchsi.com.
loganpstuart@gmail.com,loganstuart@gmail.com,lstuart@mchsi.com.
dtek.com.,outlook.com,epam.com.
s.alexander@dtek.com.,a_dragun@outlook.com,alexander_dragun@epam.com.
gmail.com,asapp.com.
sikieresmescribes@gmail.com,daniel.codina@gmail.com,danielcodina@gmail.com,dcodix@gmail.com,dcodina@asapp.com.
us.ibm.com.
mbates@us.ibm.com.
gmail.com.
menonkattilljoji@gmail.com.


gmail.com,aol.com,neville.com.
skullbulks@gmail.com,williamflorezf@aol.com,williamflorezf@gmail.com,william@neville.com.


bah.com.
joshua_fernandes@bah.com.
andynakamura.com,prolacta.com.,gmail.com,umbrellio.biz.
andy@andynakamura.com,linkedin@andynakamura.com,anakamura@prolacta.com.,samtombson@gmail.com,andrew@umbrellio.biz.


james-chase.com.
contact@james-chase.com.
gmail.com,cm-arkea.com.,gmail.com.
anthonyjan2906@gmail.com,anthony@cm-arkea.com.,tonyabohwo@gmail.com.
gmail.com.,live.fr,devoteam.com.
mrsabo@gmail.com.,jonathan.blanchard@live.fr,jonathan.blanchard@devoteam.com.
enigmadivine.com.,gmail.com,angieslist.com.
david@enigmadivine.com.,jdmaciel@gmail.com,davidm@angieslist.com.,isserd@gmail.com
elephant.com.,gmail.com
dylan.james@elephant.com.,x3ebob.dylan@gmail.com
gmail.com,mindler.se.,smartpoint.ai.
pixelpiloten@gmail.com,christian.nilsson@mindler.se.,logancbr@gmail.com,christian@smartpoint.ai.
gmail.com,cfc.com.,oracle.com.
nathanoxborrow@gmail.com,nathan@cfc.com.,nathan.ritter@oracle.com.
safra.com.br.,gmail.com.
gabriel.uliam@safra.com.br.,villalobosvgab@gmail.com.


gmail.com.,gmail.com,avira.com.
sjamartucheli@gmail.com.,chijiokesammy6@gmail.com,samuel.chijioke@avira.com.
gmail.com,odity.co.uk,coreazure.com.,nike.com.
odavies@gmail.com,owen@odity.co.uk,owen@coreazure.com.,tollman.owens@gmail.com,tollman.owens@nike.com.
gmail.com,showclix.com.,iphouse.com.,gmail.com.
benjamin.n.simon@gmail.com,benjamin.simon@showclix.com.,benjamin@iphouse.com.,benjamin.dossantos@gmail.com.
gmail.com,zoominfo.com.,nbcnews.com,extend.cl.
elijerroberts@gmail.com,elijah.roberts@zoominfo.com.,elijah.faviel@nbcnews.com,efaviel@extend.cl.
initiatesystems.com.,zimsociety.com.
ihertweck@initiatesystems.com.,raz@zimsociety.com.
unl.edu.
agraves10@unl.edu.,tharvill@unl.edu.
oliver.agency
x3efirstlast@oliver.agency,x3eJohnDoe@oliver.agency,x3efirlast@oliver.agency,x3eJohDoe@oliver.agency,x3efirst.last@oliver.agency,x3eJohn.Doe@oliver.agency,x3efirstlas@oliver.agency
gmail.com,evidation.com.,newcastle.edu.au
ecullermayeno@gmail.com,ec@evidation.com.,ethan.robinson@newcastle.edu.au
gmail.com,n-able.com.
probowlromo@gmail.com,lmccoy@n-able.com.




gmail.com,jenay.net,google.com.,gmail.com.,jacobtyler.com,jacobs.com
jacobefordham@gmail.com,jake@jenay.net,jacobchalkley@gmail.com,jacobchalkley@google.com.,jakemorell.design@gmail.com.,careers@jacobtyler.com,x3eFirst.Last@jacobs.com,x3eJohn.Doe@jacobs.com,x3eLast.First@jacobs.com,x3eDoe.John@jacobs.com,x3eFirstLast@jacobs.com,x3eJohnDoe@jacobs.com


gmail.com.
alexander.skogberg@gmail.com.


gmail.com,salesforce.com.,mattcreatez.com
mkrause.design@gmail.com,mkrause@salesforce.com.,matt@mattcreatez.com
gmail.com,deloitte.com.
josephrajpalan@gmail.com,joseph@deloitte.com.


gmail.com.,wm.edu
william.prudhomme91@gmail.com.,creative@wm.edu
gmail.com,yahoo.com,indeed.com.,qzzr.com.
jaydenfeagins@gmail.com,feaginja@yahoo.com,jfeagins@indeed.com.,jayden@qzzr.com.


springer.com,sableindustries.org,gmail.com.,me.com,godaddy.com.
andrew.burgess@springer.com,andy@sableindustries.org,andyravensable@gmail.com.,andrewtamala@me.com,atamala@godaddy.com.


james-chase.com.
contact@james-chase.com.
anthonyejiogu.com.
hello@anthonyejiogu.com.
gmail.com.
jc.haines19@gmail.com.


gmail.com.,dylanperry.com.
dylunez@gmail.com.,dylan@dylanperry.com.
cifacom.com.,mail.com.,fitnyc.edu.
christian-couppane@cifacom.com.,tomas.finn@mail.com.,christian_browne@fitnyc.edu.
gmail.com,amazon.com.
moulton.nathan@gmail.com,nmoulton@amazon.com.
gabriel.dk
x3ejd@gabriel.dk
gmail.com.,mobotics.in.,GMAIL.COM.
jacksonerose94@gmail.com.,sandip@mobotics.in.,JESSICA.JACKSON.IT@GMAIL.COM.
samuel.design.
hello@samuel.design.






gmail.com,nurturethechildren.org.uk.
degraft87@gmail.com,idonkoh@nurturethechildren.org.uk.


me.com,oliver.agency,oliverinc.com
orainer@me.com,x3efirstlast@oliver.agency,x3eJohnDoe@oliver.agency,x3efirlast@oliver.agency,x3eJohDoe@oliver.agency,x3efirst.last@oliver.agency,x3eJohn.Doe@oliver.agency,x3efirstlas@oliver.agency,x3eflast@oliverinc.com,x3eJDoe@oliverinc.com,x3efirst@oliverinc.com,x3eJohn@oliverinc.com,x3elastf@oliverinc.com,x3eDoeJ@oliverinc.com,x3efirstl@oliverinc.com,x3eJohnD@oliverinc.com


codabene.com.
lucas@codabene.com.
gmail.com,indeed.com.,microsoft.com.
ethan.g.handel@gmail.com,ethanh@indeed.com.,ethan.chen@microsoft.com.


google.com.,gmail.com,recursion.com.,jacobs.com,jacobandco.com
jacoba@google.com.,johnonishgul@gmail.com,nishantj13@gmail.com,jacob@recursion.com.,x3efirst.last@jacobs.com,x3eJohn.Doe@jacobs.com,x3elast.first@jacobs.com,x3eDoe.John@jacobs.com,x3efirstlast@jacobs.com,x3eJohnDoe@jacobs.com,x3ejane@jacobandco.com,x3ejdoe@jacobandco.com,x3ejanedoe@jacobandco.com,x3ejaned@jacobandco.com
googlemail.com,verbit.ai.
logspars@googlemail.com,logan@verbit.ai.
alexanderwang.com,alexander-james.co.uk
x3ecustomercare@alexanderwang.com,x3einfo@alexander-james.co.uk
gmail.com,hubspot.com.
daniel.h.tse@gmail.com,dtse@hubspot.com.




gmail.com,tepper.cmu.edu,linksquares.com.
draith@gmail.com,calebhodes@gmail.com,chodes@tepper.cmu.edu,chodes@linksquares.com.




med.cornell.edu
jog4025@med.cornell.edu






gmail.com
anthonybarbier3379@gmail.com










in...
gabriel.fachini@in...
spear-and-jackson.com
x3esales@spear-and-jackson.com
yahoo.co.uk,alat.ng.,gmail.com,tawkify.com.
finelipe@yahoo.co.uk,srobson@alat.ng.,samuelcobyanderson@gmail.com,samuel@tawkify.com.
alum.mit.edu,gmail.com
owenlin@alum.mit.edu,owenlin0@gmail.com


gmail.com,walmart.com.
elijahbladeo@gmail.com,eolachea@walmart.com.
ourzora.com.,ourzora.com
isaac@ourzora.com.,isaac@ourzora.com


ymail.com,gmail.com,amazon.com.,microsoft.com.,oliver.agency,oliverinc.com
oliver.li@ymail.com,owli1991@gmail.com,oli@amazon.com.,oscholz@gmail.com,oliverscholz@microsoft.com.,x3efirstlast@oliver.agency,x3eJohnDoe@oliver.agency,x3efirlast@oliver.agency,x3eJohDoe@oliver.agency,x3efirst.last@oliver.agency,x3eJohn.Doe@oliver.agency,x3efirstlas@oliver.agency,x3eflast@oliverinc.com,x3eJDoe@oliverinc.com,x3efirst@oliverinc.com,x3eJohn@oliverinc.com,x3elastf@oliverinc.com,x3eDoeJ@oliverinc.com,x3efirstl@oliverinc.com,x3eJohnD@oliverinc.com
gmail.com,indeed.com.,microsoft.com.
ethan.g.handel@gmail.com,ethanh@indeed.com.,ethan.chen@microsoft.com.
gmail.com,magoosh.com.
l.verneyfink@gmail.com,lucas@magoosh.com.
virginia.edu,stanford.edu,quantco.com.
ean8fr@virginia.edu,eallavar@stanford.edu,eallavarpu@quantco.com.


datarobot.com.,virginia.edu.
ryan.jacob@datarobot.com.,sxc2hh@virginia.edu.


cs.uni,tulane.edu.
ecker@cs.uni,caids@tulane.edu.


usgs.gov.,e.huawei.com.
mwalker@usgs.gov.,matthew@e.huawei.com.
gmail.com,wharton.upenn.edu.,intuit.com.,nyu.edu
joseph.barbierdarnal@gmail.com,jdeu@wharton.upenn.edu.,joepowers16@gmail.com,joseph_powers@intuit.com.,x3ecds-undergraduate@nyu.edu


gmail.com,aprime.io.,wm.edu,internaldrive.com.
william.g.lane@gmail.com,william.lane@aprime.io.,datascience@wm.edu,william@internaldrive.com.
e.ntu.edu.sg.,sutd.edu.sg.
jgtan1@e.ntu.edu.sg.,junquan_ho@sutd.edu.sg.
gmail.com.
joshua.graham@gmail.com.


hdruk.ac.uk.
christopher.yau@hdruk.ac.uk.
gmail.com,nyu.edu,ljameshu.com,warriors.com.,glean.com,gmail.com.,hdruk.ac.uk.
ljameshu@gmail.com,lh1254@nyu.edu,contact@ljameshu.com,jhu@warriors.com.,james@glean.com,jamesma618@gmail.com.,james.farrell@hdruk.ac.uk.
berkeley.edu.
CDSSinfo@berkeley.edu.
princeton.edu.,datacamp.com
jonhanke@princeton.edu.,jonathan@datacamp.com


gmail.com,microsoft.com.,wharton.upenn.edu,mit.edu.
dcontris@gmail.com,dylan.contris@microsoft.com.,dsmall@wharton.upenn.edu,dylanf@mit.edu.
fyber.com.
christian.schafer@fyber.com.
gmail.com,enioka.com.
nathan.elbaz.ruiz@gmail.com,nathan.elbaz@enioka.com.
gmail.com,endava.com.
gabi.preda@gmail.com,gabriel.preda@endava.com.
ischool.berkeley.edu.,jacksongalaxy.com
aidanjackson@ischool.berkeley.edu.,x3ecare@jacksongalaxy.com
uni-tuebingen.de.,manchester.ac.uk.
samuel.ofosu-mensah@uni-tuebingen.de.,idsai@manchester.ac.uk.
socialstrides.com.,verily.com,mit.edu
owen@socialstrides.com.,zachary@verily.com,zowen@mit.edu
virginia.edu
castleman@virginia.edu
att.com.,aims.ac.za.
elijah.hall@att.com.,kiprono@aims.ac.za.
gmail.com,infotrendusa.com.,ispot.tv.,mapbox.com,zendar.io.
isaachwarren@gmail.com,isaac@infotrendusa.com.,isaacvillalva9@gmail.com,isaac@ispot.tv.,isaac.shivvers@mapbox.com,isaac@zendar.io.
lincoln.fr,lincoln.ac.uk.
hello@lincoln.fr,myu@lincoln.ac.uk.
hotmail.co.uk,gmail.com,aurora.tech.,oliver.agency,oliverinc.com
rossi_182@hotmail.co.uk,kindjacket@gmail.com,olammas@aurora.tech.,oliverstringham@gmail.com,x3efirstlast@oliver.agency,x3eJohnDoe@oliver.agency,x3efirlast@oliver.agency,x3eJohDoe@oliver.agency,x3efirst.last@oliver.agency,x3eJohn.Doe@oliver.agency,x3efirstlas@oliver.agency,x3eflast@oliverinc.com,x3eJDoe@oliverinc.com,x3efirst@oliverinc.com,x3eJohn@oliverinc.com,x3elastf@oliverinc.com,x3eDoeJ@oliverinc.com,x3efirstl@oliverinc.com,x3eJohnD@oliverinc.com
virginia.edu,stanford.edu,quantco.com.
ean8fr@virginia.edu,eallavar@stanford.edu,eallavarpu@quantco.com.
gmail.com,montevideolabs.com.,gmail.com.
ldpogorelsky@gmail.com,lpogorelsky@montevideolabs.com.,aveirolg@gmail.com.
caltech.edu.
eepperly@caltech.edu.
gmail.com.
gluballs@gmail.com.
gmail.com.
jwgoodale@gmail.com.


yahoo.com,mail2world.com.,mit.edu,gmail.com,mail.missouri.edu,googlemail.com.
mark_v_alexander@yahoo.com,markalexandermail@yahoo.com,alexamarkm4r5@mail2world.com.,amini@mit.edu,alex.lobzhanidze@gmail.com,agl7dd@mail.missouri.edu,alexander.j.mead@googlemail.com.
duke.edu
daniel.reker@duke.edu


stjosephs.ac.in.
jprstjosephs@stjosephs.ac.in.


mceachen.org.
william@mceachen.org.
flyhightalent.com.,gmail.com,econnectglobal.com.
jayden@flyhightalent.com.,jaydenswang@gmail.com,jayden@econnectglobal.com.




gmail.com,vt.edu,linkedin.com.,northeastern.edu
vthakr@gmail.com,croach@vt.edu,chris@linkedin.com.,c.amato@northeastern.edu
gmail.com,hellofresh.com.
jamescharlesfoley@gmail.com,james.f@hellofresh.com.
montrealassociates.com.
london@montrealassociates.com.
gmail.com,datasama.com.
jonathan.cr1302@gmail.com,del.hoyo.jonathan@gmail.com,jonathan@datasama.com.
gmail.com,uwalumni.com,emodoinc.com.,gmail.com.,indiana.edu.,leeds.ac.uk
tsxtypes@gmail.com,davidyao@uwalumni.com,david.yao@emodoinc.com.,davidmlundgren@gmail.com.,djcran@indiana.edu.,D.C.Hogg@leeds.ac.uk
mit.edu.
dylanf@mit.edu.


gmail.com.,gmail.com,amazon.com.,nist.gov.
nathanlapel@gmail.com.,nathan.nliu@gmail.com,nliu@amazon.com.,nathan.mahynski@nist.gov.
gmail.com,insitro.com.,harvey.ai.
gdreiman1@gmail.com,gdreiman@insitro.com.,gbrl.pereyra@gmail.com,gabe@harvey.ai.


gmail.com,polytechnique.edu,nabla.com.
isupersam@gmail.com,samuel.humeau@polytechnique.edu,samuel@nabla.com.
gmail.com,openai.com.,gmail.com.
owenlin0@gmail.com,owen@openai.com.,zachdowen@gmail.com.
gmail.com,capitalone.com.
bceng01@gmail.com,benjamin.eng@capitalone.com.




unl.edu.,lincoln.edu
engfrontdesk2@unl.edu.,x3eflast@lincoln.edu,x3eJDoe@lincoln.edu,x3elast@lincoln.edu,x3eDoe@lincoln.edu,x3efirst.last@lincoln.edu,x3eJohn.Doe@lincoln.edu,x3efirlast@lincoln.edu,x3eJohDoe@lincoln.edu
yahoo.co.uk,gs.com.
oliverholloway@yahoo.co.uk,oliver.holloway@gs.com.


gmail.com,google.com.,gmail.com.
lucasdgf@gmail.com,lfreitas@google.com.,lucasmsobrinho@gmail.com.
cisa.gov
x3ereport@cisa.gov
usgs.gov.,cisa.gov
masamoah@usgs.gov.,x3ereport@cisa.gov
cisa.gov
x3ereport@cisa.gov
cisa.gov,cisin.com
x3ereport@cisa.gov,x3einfo@cisin.com


cisa.gov
x3ereport@cisa.gov


cisa.gov
x3ereport@cisa.gov
cisa.gov
x3ereport@cisa.gov


mail.gvsu.edu,britive.com.,ymail.com,sourcegroupinternational.com.,cisa.gov
belcheja@mail.gvsu.edu,jayden.belcher@britive.com.,jaydenpenrose@ymail.com,jposener@sourcegroupinternational.com.,x3ereport@cisa.gov
cisa.gov
x3ereport@cisa.gov
cisa.gov
x3ereport@cisa.gov


cisa.gov
x3ereport@cisa.gov
ciphercyber.co.uk,tudublin.ie
anthony@ciphercyber.co.uk,Anthony.Keane@tudublin.ie
duke.edu.,cisa.gov
jonathan.tubb@duke.edu.,x3ereport@cisa.gov
cisa.gov
x3ereport@cisa.gov
gmail.com.
dylanjrobertson@gmail.com.
lmc.org,cisa.gov
ctorkelson@lmc.org,x3ereport@cisa.gov
me.com,gmail.com,optiv.com.,cisa.gov
mindblur@me.com,natemc14@gmail.com,nathan.mccreedy@optiv.com.,x3ereport@cisa.gov


jcisd.org,cisa.gov
amy.rogers@jcisd.org,x3ereport@cisa.gov
cisa.gov
x3ereport@cisa.gov
owens.edu.,cisa.gov
wcs@owens.edu.,x3ereport@cisa.gov
defiance.edu,mcgill.ca.,cisa.gov
bscott@defiance.edu,ben.fung@mcgill.ca.,x3ereport@cisa.gov
gatech.edu.
emastinu3@gatech.edu.
tenece.com.
isaac.hammond@tenece.com.
lincoln.ac.uk.,cisa.gov
admissions@lincoln.ac.uk.,x3ereport@cisa.gov


cisa.gov
x3ereport@cisa.gov
hotmail.co.uk,footballwhispers.com.,cisa.gov
nick.lucas83@hotmail.co.uk,nick@footballwhispers.com.,x3ereport@cisa.gov
gmail.com.
ethnboone@gmail.com.


gmail.com
lindajacob1920@gmail.com


gmail.com,nearmap.com.
xanderthegreat@gmail.com,alexander.ma.ucd@gmail.com,alexander@nearmap.com.


live.com,gmail.com,creditfix.co.uk.
mmarley@live.com,mm4rley@gmail.com,matthew.marley@creditfix.co.uk.




wm.edu.,wm.edu
tlbroa@wm.edu.,pmjowdy@wm.edu
zbizlink.com.,gmail.com,jobnimbus.com.
jayden@zbizlink.com.,jaydenrutkowski@gmail.com,jayden.rutkowski@jobnimbus.com.










pnwu.edu.
jweedin@pnwu.edu.


gmail.com.,gmail.com,mybusiness.com
sushiboxdev@gmail.com.,mybusiness@gmail.com,info@mybusiness.com
















gmail.com,likedreamsusa.com.,meetisaac.com
isaackang3@gmail.com,isaac@likedreamsusa.com.,d-jane@meetisaac.com


oliver.agency.,oliver.agency
sayhello@oliver.agency.,simon@oliver.agency,simon.martin@oliver.agency,martin@oliver.agency,smartin@oliver.agency,x3efirstlast@oliver.agency,x3eJohnDoe@oliver.agency,x3efirlast@oliver.agency,x3eJohDoe@oliver.agency,x3efirst.last@oliver.agency,x3eJohn.Doe@oliver.agency,x3efirstlas@oliver.agency
gmail.com.
ethnboone@gmail.com.


gmail.com.,ethanallen.com
ethan.gamer@gmail.com.,x3efirst.last@ethanallen.com,x3eJohn.Doe@ethanallen.com,x3eflast@ethanallen.com,x3eJDoe@ethanallen.com,x3efirstlast@ethanallen.com,x3eJohnDoe@ethanallen.com,x3elast.first@ethanallen.com,x3eDoe.John@ethanallen.com
page.com
x3efirst.last@page.com,x3eJohn.Doe@page.com,x3efirst.l@page.com,x3eJohn.D@page.com,x3efirst@page.com,x3eJohn@page.com,x3efirstlast@page.com,x3eJohnDoe@page.com
YAHOO.COM
JACOBPMP@YAHOO.COM
gmail.com,built.com.au.,loganconsulting.com.,mviconstruction.com.,logansroadhouse.com
log.joyce@gmail.com,loganjoyce@built.com.au.,info@loganconsulting.com.,logan@mviconstruction.com.,x3efirstl@logansroadhouse.com,x3eJohnD@logansroadhouse.com,x3eflast@logansroadhouse.com,x3eJDoe@logansroadhouse.com,x3efirst.last@logansroadhouse.com,x3eJohn.Doe@logansroadhouse.com,x3elastf@logansroadhouse.com,x3eDoeJ@logansroadhouse.com
alexanderwang.com
x3ecustomercare@alexanderwang.com




outlookpublishing.com.,josephs.co.nz.
joseph.perfitt@outlookpublishing.com.,info@josephs.co.nz.








infonovum.com.
contact@infonovum.com.


stantec.com.
oliver.james@stantec.com.


yahoo.com,amperity.com.,gmail.com
jonathanboalexander@yahoo.com,jonathan@amperity.com.,x3ejonathan.lamb@gmail.com
msn.com.
seattlesquires@msn.com.
gmail.com,akqa.com.,keller-na.com,haywardbaker.com,tishmanconstruction.com.
dylan.trathen@gmail.com,dylan.trathen@akqa.com.,dwong@keller-na.com,dwong@haywardbaker.com,dwong@tishmanconstruction.com.
christian-aid.org
x3eipunit@christian-aid.org
nathanproject.net
Rick@nathanproject.net,Vicki@nathanproject.net
gabrielprojectmumbai.org.,iberia.com,iberia.es
info@gabrielprojectmumbai.org.,DirectSalesUSA@iberia.com,x3egperdiguero@iberia.es
jackson.com
x3efirst.last@jackson.com,x3eJohn.Doe@jackson.com,x3efirst.middle@jackson.com,x3eJohn.Michael@jackson.com,x3elast.first@jackson.com,x3eDoe.John@jackson.com
gmail.com.,samuel.com
smrkuo@gmail.com.,x3efirst.last@samuel.com,x3eJohn.Doe@samuel.com,x3eflast@samuel.com,x3eJDoe@samuel.com,x3ef.last@samuel.com,x3eJ.Doe@samuel.com,x3efirst@samuel.com,x3eJohn@samuel.com


basicint.org.,columbia.edu.,benjaminbridge.com
hr@basicint.org.,residential@columbia.edu.,x3evisit@benjaminbridge.com


thirdbridge.com
isaac.smith@thirdbridge.com
lincolnproject.us,lincolnpm.com,lincolnpm.com.
jane@lincolnproject.us,acelestino@lincolnpm.com,rbirrane@lincolnpm.com,rcelestino@lincolnpm.com.
stantec.com.,oliver.agency
oliver.james@stantec.com.,x3efirstlast@oliver.agency,x3eJohnDoe@oliver.agency,x3efirlast@oliver.agency,x3eJohDoe@oliver.agency,x3efirst.last@oliver.agency,x3eJohn.Doe@oliver.agency,x3efirstlas@oliver.agency
gmail.com.,ethanallen.com
ethan.gamer@gmail.com.,x3efirst.last@ethanallen.com,x3eJohn.Doe@ethanallen.com,x3eflast@ethanallen.com,x3eJDoe@ethanallen.com,x3efirstlast@ethanallen.com,x3eJohnDoe@ethanallen.com,x3elast.first@ethanallen.com,x3eDoe.John@ethanallen.com

































































































































































































































































































































































































































































































































